{
    "dataList": [
        {
            "name": "Default",
            "wireLineColor": {
                "r": 1.0,
                "g": 1.0,
                "b": 1.0,
                "a": 1.0
            },
            "wireFillColor": {
                "r": 0.0,
                "g": 0.0,
                "b": 0.0,
                "a": 1.0
            },
            "wireThickness": 0.10000000149011612,
            "wireUseDiscard": 1.0,
            "reframeToTarget": true,
            "recalculateBound": true,
            "rotSpeed": 3,
            "zoomSpeed": 3,
            "panSpeed": 3,
            "smoothFactor": 3,
            "fileExistsMode": 0,
            "openSavedImage": true,
            "screenShotAlpha": false,
            "captureMultiplier": 1,
            "autoLoad": true,
            "viewportMultiplier": 2,
            "planeShadowColor": {
                "r": 0.5661764740943909,
                "g": 0.5661764740943909,
                "b": 0.5661764740943909,
                "a": 1.0
            },
            "enablePlaneShadows": true,
            "enableShadows": true,
            "shadowBias": 0.009999999776482582,
            "enableSRP": false,
            "enablePostProcess": true,
            "lastTargetPath": "Assets/UnityChan/SD_unitychan/Models/SD_unitychan_generic.fbx",
            "cubemapPath": "",
            "profilePath": "",
            "bgColor": {
                "r": 0.5147058963775635,
                "g": 0.5147058963775635,
                "b": 0.5147058963775635,
                "a": 1.0
            },
            "ambientSkyColor": {
                "r": 0.5,
                "g": 0.5,
                "b": 0.5,
                "a": 1.0
            },
            "clearFlag": 0,
            "lastView": {
                "name": "",
                "rotation": {
                    "x": 210.0,
                    "y": 0.0
                },
                "distance": 1.072252631187439,
                "pivot": {
                    "x": 8.940696716308594e-8,
                    "y": 0.6330089569091797,
                    "z": -0.21189898252487184
                },
                "fieldOfView": 90.0
            },
            "viewList": [
                {
                    "name": "",
                    "rotation": {
                        "x": 28.274337768554689,
                        "y": -0.02060568332672119
                    },
                    "distance": 2.489023208618164,
                    "pivot": {
                        "x": 8.940696716308594e-8,
                        "y": 0.6330089569091797,
                        "z": -0.21189898252487184
                    },
                    "fieldOfView": 30.0
                },
                {
                    "name": "",
                    "rotation": {
                        "x": 151.9781951904297,
                        "y": -0.3719766139984131
                    },
                    "distance": 2.489023208618164,
                    "pivot": {
                        "x": 8.940696716308594e-8,
                        "y": 0.6330089569091797,
                        "z": -0.21189898252487184
                    },
                    "fieldOfView": 30.0
                },
                {
                    "name": "",
                    "rotation": {
                        "x": 151.9781951904297,
                        "y": -0.3719766139984131
                    },
                    "distance": 2.489023208618164,
                    "pivot": {
                        "x": 8.940696716308594e-8,
                        "y": 0.6330089569091797,
                        "z": -0.21189898252487184
                    },
                    "fieldOfView": 30.0
                },
                {
                    "name": "",
                    "rotation": {
                        "x": 151.9781951904297,
                        "y": -0.3719766139984131
                    },
                    "distance": 2.489023208618164,
                    "pivot": {
                        "x": 8.940696716308594e-8,
                        "y": 0.6330089569091797,
                        "z": -0.21189898252487184
                    },
                    "fieldOfView": 30.0
                },
                {
                    "name": "",
                    "rotation": {
                        "x": 151.9781951904297,
                        "y": -0.3719766139984131
                    },
                    "distance": 2.489023208618164,
                    "pivot": {
                        "x": 8.940696716308594e-8,
                        "y": 0.6330089569091797,
                        "z": -0.21189898252487184
                    },
                    "fieldOfView": 30.0
                },
                {
                    "name": "",
                    "rotation": {
                        "x": 151.9781951904297,
                        "y": -0.3719766139984131
                    },
                    "distance": 2.489023208618164,
                    "pivot": {
                        "x": 8.940696716308594e-8,
                        "y": 0.6330089569091797,
                        "z": -0.21189898252487184
                    },
                    "fieldOfView": 30.0
                },
                {
                    "name": "",
                    "rotation": {
                        "x": 151.9781951904297,
                        "y": -0.3719766139984131
                    },
                    "distance": 2.489023208618164,
                    "pivot": {
                        "x": 8.940696716308594e-8,
                        "y": 0.6330089569091797,
                        "z": -0.21189898252487184
                    },
                    "fieldOfView": 30.0
                },
                {
                    "name": "",
                    "rotation": {
                        "x": 151.9781951904297,
                        "y": -0.3719766139984131
                    },
                    "distance": 2.489023208618164,
                    "pivot": {
                        "x": 8.940696716308594e-8,
                        "y": 0.6330089569091797,
                        "z": -0.21189898252487184
                    },
                    "fieldOfView": 30.0
                },
                {
                    "name": "",
                    "rotation": {
                        "x": 151.9781951904297,
                        "y": -0.3719766139984131
                    },
                    "distance": 2.489023208618164,
                    "pivot": {
                        "x": 8.940696716308594e-8,
                        "y": 0.6330089569091797,
                        "z": -0.21189898252487184
                    },
                    "fieldOfView": 30.0
                },
                {
                    "name": "",
                    "rotation": {
                        "x": 151.9781951904297,
                        "y": -0.3719766139984131
                    },
                    "distance": 2.489023208618164,
                    "pivot": {
                        "x": 8.940696716308594e-8,
                        "y": 0.6330089569091797,
                        "z": -0.21189898252487184
                    },
                    "fieldOfView": 30.0
                },
                {
                    "name": "",
                    "rotation": {
                        "x": 151.9781951904297,
                        "y": -0.3719766139984131
                    },
                    "distance": 2.489023208618164,
                    "pivot": {
                        "x": 8.940696716308594e-8,
                        "y": 0.6330089569091797,
                        "z": -0.21189898252487184
                    },
                    "fieldOfView": 30.0
                },
                {
                    "name": "",