{
    "dataList": [
        {
            "name": "Default",
            "wireLineColor": {
                "r": 0.0,
                "g": 0.0,
                "b": 0.0,
                "a": 1.0
            },
            "wireFillColor": {
                "r": 0.0,
                "g": 0.0,
                "b": 0.0,
                "a": 1.0
            },
            "wireThickness": 0.10000000149011612,
            "wireUseDiscard": 1.0,
            "reframeToTarget": true,
            "recalculateBound": false,
            "rotSpeed": 3,
            "zoomSpeed": 3,
            "panSpeed": 3,
            "smoothFactor": 3,
            "fileExistsMode": 0,
            "openSavedImage": true,
            "screenShotAlpha": true,
            "captureMultiplier": 1,
            "autoLoad": true,
            "viewportMultiplier": 1,
            "planeShadowColor": {
                "r": 0.3382353186607361,
                "g": 0.3382353186607361,
                "b": 0.3382353186607361,
                "a": 1.0
            },
            "enablePlaneShadows": false,
            "heightFogColor": {
                "r": 1.0,
                "g": 0.0,
                "b": 0.0,
                "a": 0.515999972820282
            },
            "enableHeightFog": false,
            "heightFogHeight": 1.2660179138183594,
            "enableShadows": true,
            "shadowBias": 0.4699999988079071,
            "enableSRP": false,
            "enablePostProcess": true,
            "lastTargetPath": "Assets/UnityChan/SD_unitychan/Prefabs/SD_unitychan_generic.prefab",
            "cubemapPath": "Assets/Common/CasualDay4K.tga",
            "profilePath": "",
            "bgColor": {
                "r": 0.4264705777168274,
                "g": 0.4264705777168274,
                "b": 0.4264705777168274,
                "a": 1.0
            },
            "ambientSkyColor": {
                "r": 0.5,
                "g": 0.5,
                "b": 0.5,
                "a": 1.0
            },
            "clearFlag": 1,
            "lastView": {
                "name": "",
                "rotation": {
                    "x": 150.53799438476563,
                    "y": -22.226308822631837
                },
                "distance": 1.0212266445159913,
                "pivot": {
                    "x": 0.04809381067752838,
                    "y": 0.8819042444229126,
                    "z": -0.1113327145576477
                },
                "fieldOfView": 28.0
            },
            "viewList": [
                {
                    "name": "",
                    "rotation": {
                        "x": 150.53799438476563,
                        "y": -22.226308822631837
                    },
                    "distance": 1.0212266445159913,
                    "pivot": {
                        "x": 0.04809381067752838,
                        "y": 0.8819042444229126,
                        "z": -0.1113327145576477
                    },
                    "fieldOfView": 28.0
                },
                {
                    "name": "",
                    "rotation": {
                        "x": 152.71054077148438,
                        "y": -9.720087051391602
                    },
                    "distance": 1.8938417434692383,
                    "pivot": {
                        "x": 0.38244783878326418,
                        "y": 0.4217424988746643,
                        "z": -0.036688074469566348
                    },
                    "fieldOfView": 53.00001907348633
                }
            ],
            "lastLighting": {
                "name": "",
                "lightList": [
                    {
                        "position": {
                            "x": 0.0,
                            "y": 3.0
                        },
                        "rotation": {
                            "x": 0.0,
                            "y": -1.0,
                            "z": 0.0,
                            "w": -4.371138828673793e-8
                        },
                        "lightColor": {
                            "r": 0.7689999938011169,
                            "g": 0.7689999938011169,
                            "b": 0.7689999938011169,
                            "a": 1.0
                        },
                        "intensity": 1.0
                    },
                    {
                        "position": {
                            "x": 0.0,
                            "y": 0.0
                        },
                        "rotation": {
                            "x": 0.3162142038345337,
                            "y": -0.1725243479013443,
                            "z": 0.9323148727416992,
                            "w": 0.032140158116817477
                        },
                        "lightColor": {
                            "r": 0.2800000011920929,
                            "g": 0.2800000011920929,
                            "b": 0.3149999976158142,
                            "a": 1.0
                        },
                        "intensity": 1.0
                    }
                ],
                "ambientSkyColor": {
                    "r": 0.5,
                    "g": 0.5,
                    "b": 0.5,
                    "a": 1.0
                },
                "cubemapPath": ""
            },
            "lightingList": [
                {
                    "name": "",
                    "lightList": [
                        {
                            "position": {
                                "x": 0.0,
                                "y": 3.0
                            },
                            "rotation": {
                                "x": 0.3964943587779999,
                                "y": -0.31364744901657107,
                                "z": 0.14625239372253419,
                                "w": 0.8503103852272034
                            },
                            "lightColor": {
                                "r": 1.0,
                                "g": 0.95686274766922,
                                "b": 0.8392156958580017,
                                "a": 1.0
                            },
                            "intensity": 1.0
                        },
                        {
                            "position": {
                                "x": 0.0,
                                "y": 0.0
                            },
                            "rotation": {
                                "x": -0.7994045615196228,
                                "y": -0.17973050475120545,
                                "z": 0.446252703666687,
                                "w": -0.35987207293510439
                            },
                            "lightColor": {
                                "r": 0.0,
                                "g": 0.0,
                                "b": 0.0,
                                "a": 1.0
                            },
                            "intensity": 0.0
                        }
                    ],
                    "ambientSkyColor": {
                        "r": 0.21199999749660493,
                        "g": 0.22699999809265138,
                        "b": 0.2590000033378601,
                        "a": 1.0
                    },
                    "cubemapPath": ""
                },
                {
                    "name": "",
                    "lightList": [
                        {
                            "position": {
                                "x": 0.0,
                                "y": 3.0
                            },
                            "rotation": {
                                "x": 0.4082178771495819,
                                "y": -0.23456968367099763,
                                "z": 0.10938163101673126,