{
    "dataList": [
        {
            "name": "l",
            "reframeToTarget": true,
            "recalculateBound": true,
            "rotSpeed": 3,
            "zoomSpeed": 3,
            "panSpeed": 3,
            "smoothFactor": 3,
            "imageSaveMode": 0,
            "openSavedImage": true,
            "alphaAppliedImage": true,
            "imageSizeMultiplier": 1,
            "viewportMultiplier": 2,
            "wireLineColor": {
                "r": 1.0,
                "g": 1.0,
                "b": 1.0,
                "a": 1.0
            },
            "wireFillColor": {
                "r": 0.0,
                "g": 0.0,
                "b": 0.0,
                "a": 1.0
            },
            "wireThickness": 0.10000000149011612,
            "wireUseDiscard": 1.0,
            "planeShadowColor": {
                "r": 0.5,
                "g": 0.5,
                "b": 0.5,
                "a": 1.0
            },
            "enablePlaneShadows": true,
            "heightFogColor": {
                "r": 0.0,
                "g": 0.0,
                "b": 0.0,
                "a": 0.5
            },
            "enableHeightFog": true,
            "heightFogHeight": 1.0,
            "enableShadows": true,
            "shadowBias": 0.009999999776482582,
            "enableSRP": false,
            "enablePostProcess": true,
            "bgColor": {
                "r": 0.3215686082839966,
                "g": 0.3215686082839966,
                "b": 0.3215686082839966,
                "a": 1.0
            },
            "ambientSkyColor": {
                "r": 0.5,
                "g": 0.5,
                "b": 0.5,
                "a": 1.0
            },
            "clearFlag": 0,
            "lastView": {
                "name": "",
                "rotation": {
                    "x": -17.1407470703125,
                    "y": 18.004358291625978
                },
                "distance": 1.5838276147842408,
                "pivot": {
                    "x": 1.1920928955078126e-7,
                    "y": 0.6330089569091797,
                    "z": -0.21189892292022706
                },
                "fieldOfView": 59.0
            },
            "viewList": [
                {
                    "name": "",
                    "rotation": {
                        "x": -217.73431396484376,
                        "y": -9.184593200683594
                    },
                    "distance": 1.5838276147842408,
                    "pivot": {
                        "x": 1.1920928955078126e-7,
                        "y": 0.6330089569091797,
                        "z": -0.21189892292022706
                    },
                    "fieldOfView": 59.99999237060547
                },
                {
                    "name": "",
                    "rotation": {
                        "x": -217.73431396484376,
                        "y": -9.184593200683594
                    },
                    "distance": 1.5838276147842408,
                    "pivot": {
                        "x": 1.1920928955078126e-7,
                        "y": 0.6330089569091797,
                        "z": -0.21189892292022706
                    },
                    "fieldOfView": 59.99999237060547
                },
                {
                    "name": "",
                    "rotation": {
                        "x": -217.73431396484376,
                        "y": -9.184593200683594
                    },
                    "distance": 1.5838276147842408,
                    "pivot": {
                        "x": 1.1920928955078126e-7,
                        "y": 0.6330089569091797,
                        "z": -0.21189892292022706
                    },
                    "fieldOfView": 59.99999237060547
                },
                {
                    "name": "",
                    "rotation": {
                        "x": -217.73431396484376,
                        "y": -9.184593200683594
                    },
                    "distance": 1.5838276147842408,
                    "pivot": {
                        "x": 1.1920928955078126e-7,
                        "y": 0.6330089569091797,
                        "z": -0.21189892292022706
                    },
                    "fieldOfView": 59.99999237060547
                }
            ],
            "lastLighting": {
                "name": "",
                "lightList": [
                    {
                        "position": {
                            "x": 0.0,
                            "y": 3.0
                        },
                        "rotation": {
                            "x": 0.4082178771495819,
                            "y": -0.23456968367099763,
                            "z": 0.10938163101673126,
                            "w": 0.8754261136054993
                        },
                        "lightColor": {
                            "r": 1.0,
                            "g": 0.95686274766922,
                            "b": 0.8392156958580017,
                            "a": 1.0
                        },
                        "intensity": 1.0
                    },
                    {
                        "position": {
                            "x": 0.0,
                            "y": 0.0
                        },
                        "rotation": {
                            "x": 0.3162142038345337,
                            "y": -0.1725243479013443,
                            "z": 0.9323148727416992,
                            "w": 0.032140158116817477
                        },
                        "lightColor": {
                            "r": 0.0,
                            "g": 0.0,
                            "b": 0.0,
                            "a": 1.0
                        },
                        "intensity": 0.0
                    }
                ],
                "ambientSkyColor": {
                    "r": 0.5,
                    "g": 0.5,
                    "b": 0.5,
                    "a": 1.0
                },
                "cubemapPath": ""
            },
            "lightingList": [
                {
                    "name": "",
                    "lightList": [
                        {
                            "position": {
                                "x": 0.0,
                                "y": 3.0
                            },
                            "rotation": {
                                "x": 0.4082178771495819,
                                "y": -0.23456968367099763,
                                "z": 0.10938163101673126,
                                "w": 0.8754261136054993
                            },
                            "lightColor": {
                                "r": 1.0,
                                "g": 0.95686274766922,
                                "b": 0.8392156958580017,
                                "a": 1.0
                            },
                            "intensity": 1.0
                        },
                        {
                            "position": {
                                "x": 0.0,
                                "y": 0.0
                            },
                            "rotation": {
                                "x": 0.3162142038345337,
                                "y": -0.1725243479013443,
                                "z": 0.9323148727416992,
                                "w": 0.032140158116817477
                            },
                            "lightColor": {
                                "r": 0.0,
                                "g": 0.0,
                                "b": 0.0,
                                "a": 1.0
                            },
                            "intensity": 0.0
                        }
                    ],