{
    "name": "Default",
    "rotSpeed": 3,
    "zoomSpeed": 3,
    "panSpeed": 3,
    "smoothFactor": 3,
    "viewportSizes": [
        {
            "x": 3840.0,
            "y": 2160.0
        }
    ],
    "imageSaveMode": 0,
    "openSavedImage": true,
    "alphaAppliedImage": true,
    "imageSizeMultiplier": 1,
    "lastView": {
        "name": "",
        "rotation": {
            "x": 133.6817626953125,
            "y": 20.30767250061035
        },
        "distance": 11.503969192504883,
        "pivot": {
            "x": 0.0,
            "y": 0.0,
            "z": 0.0
        },
        "fieldOfView": 30.0
    },
    "viewList": [],
    "bgColor": {
        "r": 1.0,
        "g": 1.0,
        "b": 1.0,
        "a": 1.0
    },
    "ambientSkyColor": {
        "r": 0.5188679099082947,
        "g": 0.5188679099082947,
        "b": 0.5188679099082947,
        "a": 1.0
    },
    "clearFlag": 1,
    "autoFloorHeightEnabled": false,
    "floorHeight": 0.0,
    "floorScale": 0.0,
    "lastLighting": {
        "name": "",
        "lightList": [
            {
                "position": {
                    "x": 0.0,
                    "y": 3.0
                },
                "rotation": {
                    "x": 0.4082178771495819,
                    "y": -0.23456968367099763,
                    "z": 0.10938163101673126,
                    "w": 0.8754261136054993
                },
                "lightColor": {
                    "r": 1.0,
                    "g": 0.95686274766922,
                    "b": 0.8392156958580017,
                    "a": 1.0
                },
                "intensity": 1.0
            },
            {
                "position": {
                    "x": 0.0,
                    "y": 0.0
                },
                "rotation": {
                    "x": 0.3162142038345337,
                    "y": -0.1725243479013443,
                    "z": 0.9323148727416992,
                    "w": 0.032140158116817477
                },
                "lightColor": {
                    "r": 1.0,
                    "g": 1.0,
                    "b": 1.0,
                    "a": 1.0
                },
                "intensity": 1.0
            }
        ],
        "ambientSkyColor": {
            "r": 0.5188679099082947,
            "g": 0.5188679099082947,
            "b": 0.5188679099082947,
            "a": 1.0
        },
        "cubemapPath": ""
    },
    "lightingList": [
        {
            "name": "",
            "lightList": [
                {
                    "position": {
                        "x": 0.0,
                        "y": 3.0
                    },
                    "rotation": {
                        "x": 0.4082178771495819,
                        "y": -0.23456968367099763,
                        "z": 0.10938163101673126,
                        "w": 0.8754261136054993
                    },
                    "lightColor": {
                        "r": 1.0,
                        "g": 0.95686274766922,
                        "b": 0.8392156958580017,
                        "a": 1.0
                    },
                    "intensity": 1.0
                }
            ],
            "ambientSkyColor": {
                "r": 0.21199999749660493,
                "g": 0.22699999809265138,
                "b": 0.2590000033378601,
                "a": 1.0
            },
            "cubemapPath": ""
        },
        {
            "name": "",
            "lightList": [
                {
                    "position": {
                        "x": 0.0,
                        "y": 3.0
                    },
                    "rotation": {
                        "x": 0.4082178771495819,
                        "y": -0.23456968367099763,
                        "z": 0.10938163101673126,
                        "w": 0.8754261136054993
                    },
                    "lightColor": {
                        "r": 1.0,
                        "g": 0.95686274766922,
                        "b": 0.8392156958580017,
                        "a": 1.0
                    },
                    "intensity": 1.0
                }
            ],
            "ambientSkyColor": {
                "r": 0.21199999749660493,
                "g": 0.22699999809265138,
                "b": 0.2590000033378601,
                "a": 1.0
            },
            "cubemapPath": ""
        },
        {
            "name": "",
            "lightList": [
                {
                    "position": {
                        "x": 0.0,
                        "y": 3.0
                    },
                    "rotation": {
                        "x": 0.4082178771495819,
                        "y": -0.23456968367099763,
                        "z": 0.10938163101673126,
                        "w": 0.8754261136054993
                    },
                    "lightColor": {
                        "r": 1.0,
                        "g": 0.95686274766922,
                        "b": 0.8392156958580017,
                        "a": 1.0
                    },
                    "intensity": 1.0
                }
            ],
            "ambientSkyColor": {
                "r": 0.21199999749660493,
                "g": 0.22699999809265138,
                "b": 0.2590000033378601,
                "a": 1.0
            },
            "cubemapPath": ""
        }
    ],
    "shadowEnabled": true,
    "shadowStrength": 1.0,
    "shadowBias": 0.009999999776482582,
    "cameraType": 1,
    "renderScale": 1.0,
    "wireLineColor": {
        "r": 1.0,
        "g": 1.0,
        "b": 1.0,
        "a": 1.0
    },
    "wireFillColor": {
        "r": 0.0,
        "g": 0.0,
        "b": 0.0,
        "a": 1.0
    },
    "wireThickness": 0.10000000149011612,
    "wireUseDiscard": 1.0,
    "planeShadowEnabled": false,
    "planeShadowColor": {
        "r": 0.5,
        "g": 0.5,
        "b": 0.5,
        "a": 1.0
    },
    "heightFogEnabled": true,
    "heightFogColor": {
        "r": 0.0,
        "g": 0.0,
        "b": 0.0,
        "a": 0.5
    },
    "heightFogHeight": 1.0,
    "postProcessEnabled": true,
    "urpData": {
        "renderPostProcessing": true,
        "dithering": true,
        "antialiasing": 1
    },
    "hdrpData": {
        "renderPostProcessing": true,
        "dithering": true,
        "antialiasing": 0
    },
    "steelList": [],
    "reframeToTarget": true,
    "recalculateBound": true,
    "forceUpdateComponent": true,
    "modelCreateMode": 0,
    "lastTargetPath": "",
    "_lastTarget": {
        "instanceID": 0
    },
    "cubemapPath": "",
    "profilePath": "",
    "renderPipelinePath": "Assets/See1ViewURP.asset"
}