{
    "dataList": [
        {
            "name": "Default",
            "rotSpeed": 3,
            "zoomSpeed": 3,
            "panSpeed": 3,
            "smoothFactor": 3,
            "viewportSizes": [
                {
                    "x": 1024.0,
                    "y": 1024.0
                },
                {
                    "x": 2560.0,
                    "y": 1440.0
                }
            ],
            "imageSaveMode": 0,
            "openSavedImage": true,
            "alphaAppliedImage": true,
            "imageSizeMultiplier": 1,
            "lastView": {
                "name": "",
                "rotation": {
                    "x": 157.8766632080078,
                    "y": 6.573812961578369
                },
                "distance": 7.134172439575195,
                "pivot": {
                    "x": 0.0,
                    "y": 0.8849430084228516,
                    "z": 0.010344117879867554
                },
                "fieldOfView": 30.0
            },
            "viewList": [
                {
                    "name": "",
                    "rotation": {
                        "x": 158.8896942138672,
                        "y": 10.194765090942383
                    },
                    "distance": 3.612171173095703,
                    "pivot": {
                        "x": 0.0,
                        "y": 0.8849430084228516,
                        "z": 0.010344117879867554
                    },
                    "fieldOfView": 30.0
                },
                {
                    "name": "",
                    "rotation": {
                        "x": 228.3514404296875,
                        "y": 18.445663452148439
                    },
                    "distance": 3.612171173095703,
                    "pivot": {
                        "x": 0.0,
                        "y": 0.8849430084228516,
                        "z": 0.010344117879867554
                    },
                    "fieldOfView": 30.0
                }
            ],
            "bgColor": {
                "r": 0.5660377740859985,
                "g": 0.5660377740859985,
                "b": 0.5660377740859985,
                "a": 1.0
            },
            "ambientSkyColor": {
                "r": 0.5,
                "g": 0.5,
                "b": 0.5,
                "a": 1.0
            },
            "clearFlag": 0,
            "autoFloorHeightEnabled": false,
            "floorHeight": 0.0,
            "floorScale": 100.0,
            "lastLighting": {
                "name": "",
                "lightList": [
                    {
                        "position": {
                            "x": 0.0,
                            "y": 0.0
                        },
                        "rotation": {
                            "x": 0.00940699502825737,
                            "y": -0.8931365609169006,
                            "z": 0.4465740919113159,
                            "w": -0.052822213619947436
                        },
                        "lightColor": {
                            "r": 0.7689999938011169,
                            "g": 0.7689999938011169,
                            "b": 0.7689999938011169,
                            "a": 1.0
                        },
                        "intensity": 1.0
                    },
                    {
                        "position": {
                            "x": 0.0,
                            "y": 0.0
                        },
                        "rotation": {
                            "x": 0.3162142038345337,
                            "y": -0.1725243479013443,
                            "z": 0.9323148727416992,
                            "w": 0.032140158116817477
                        },
                        "lightColor": {
                            "r": 0.2800000011920929,
                            "g": 0.2800000011920929,
                            "b": 0.3149999976158142,
                            "a": 1.0
                        },
                        "intensity": 1.0
                    }
                ],
                "ambientSkyColor": {
                    "r": 0.5,
                    "g": 0.5,
                    "b": 0.5,
                    "a": 1.0
                },
                "cubemapPath": ""
            },
            "lightingList": [
                {
                    "name": "",
                    "lightList": [
                        {
                            "position": {
                                "x": 0.0,
                                "y": 0.0
                            },
                            "rotation": {
                                "x": 0.0038054976612329485,
                                "y": -0.9622244834899902,
                                "z": -0.025030959397554399,
                                "w": -0.27107754349708559
                            },
                            "lightColor": {
                                "r": 1.0,
                                "g": 1.0,
                                "b": 1.0,
                                "a": 1.0
                            },
                            "intensity": 1.0
                        },
                        {
                            "position": {
                                "x": 0.0,
                                "y": 0.0
                            },
                            "rotation": {
                                "x": 0.05300047621130943,
                                "y": -0.19685325026512147,
                                "z": 0.9786185622215271,
                                "w": -0.027304373681545259
                            },
                            "lightColor": {
                                "r": 0.0,
                                "g": 0.0,
                                "b": 0.0,
                                "a": 1.0
                            },
                            "intensity": 0.0
                        }
                    ],
                    "ambientSkyColor": {
                        "r": 0.5,
                        "g": 0.5,
                        "b": 0.5,
                        "a": 1.0
                    },
                    "cubemapPath": ""
                },
                {
                    "name": "",
                    "lightList": [
                        {
                            "position": {
                                "x": 0.0,
                                "y": 0.0
                            },
                            "rotation": {
                                "x": 0.0038054976612329485,
                                "y": -0.9622244834899902,
                                "z": -0.025030959397554399,
                                "w": -0.27107754349708559
                            },
                            "lightColor": {
                                "r": 1.0,
                                "g": 1.0,
                                "b": 1.0,
                                "a": 1.0
                            },
                            "intensity": 1.0
                        },
                        {
                            "position": {
                                "x": 0.0,
                                "y": 0.0
                            },
                            "rotation": {
                                "x": 0.05300047621130943,
                                "y": -0.19685325026512147,
                                "z": 0.9786185622215271,
                                "w": -0.027304373681545259
                            },
                            "lightColor": {
                                "r": 0.0,
                                "g": 0.0,
                                "b": 0.0,