{
    "name": "Default",
    "rotSpeed": 3,
    "zoomSpeed": 3,
    "panSpeed": 3,
    "smoothFactor": 3,
    "viewportSizes": [
        {
            "x": 3840.0,
            "y": 2160.0
        }
    ],
    "imageSaveMode": 0,
    "openSavedImage": true,
    "alphaAppliedImage": true,
    "imageSizeMultiplier": 1,
    "lastView": {
        "name": "",
        "rotation": {
            "x": 118.47932434082031,
            "y": -0.8909480571746826
        },
        "distance": 5.3538594245910648,
        "pivot": {
            "x": 0.0,
            "y": 0.8849430084228516,
            "z": 0.010344117879867554
        },
        "fieldOfView": 30.0
    },
    "viewList": [],
    "bgColor": {
        "r": 0.0,
        "g": 0.0,
        "b": 0.0,
        "a": 1.0
    },
    "ambientSkyColor": {
        "r": 0.5,
        "g": 0.5,
        "b": 0.5,
        "a": 1.0
    },
    "clearFlag": 0,
    "autoFloorHeightEnabled": false,
    "floorHeight": 0.0,
    "floorScale": 100.0,
    "lastLighting": {
        "name": "",
        "lightList": [
            {
                "position": {
                    "x": 0.0,
                    "y": 0.0
                },
                "rotation": {
                    "x": 0.27862244844436648,
                    "y": -0.8267001509666443,
                    "z": 0.34426242113113406,
                    "w": 0.3470156490802765
                },
                "lightColor": {
                    "r": 0.7689999938011169,
                    "g": 0.7689999938011169,
                    "b": 0.7689999938011169,
                    "a": 1.0
                },
                "intensity": 1.0
            },
            {
                "position": {
                    "x": 0.0,
                    "y": 0.0
                },
                "rotation": {
                    "x": 0.3162142038345337,
                    "y": -0.1725243479013443,
                    "z": 0.9323148727416992,
                    "w": 0.032140158116817477
                },
                "lightColor": {
                    "r": 0.2800000011920929,
                    "g": 0.2800000011920929,
                    "b": 0.3149999976158142,
                    "a": 1.0
                },
                "intensity": 1.0
            }
        ],
        "ambientSkyColor": {
            "r": 0.5,
            "g": 0.5,
            "b": 0.5,
            "a": 1.0
        },
        "cubemapPath": ""
    },
    "lightingList": [],
    "shadowEnabled": true,
    "shadowStrength": 1.0,
    "shadowBias": 0.009999999776482582,
    "cameraType": 1,
    "renderScale": 1.0,
    "wireLineColor": {
        "r": 1.0,
        "g": 1.0,
        "b": 1.0,
        "a": 1.0
    },
    "wireFillColor": {
        "r": 0.0,
        "g": 0.0,
        "b": 0.0,
        "a": 1.0
    },
    "wireThickness": 0.10000000149011612,
    "wireUseDiscard": 1.0,
    "planeShadowEnabled": false,
    "planeShadowColor": {
        "r": 0.5,
        "g": 0.5,
        "b": 0.5,
        "a": 1.0
    },
    "heightFogEnabled": true,
    "heightFogColor": {
        "r": 0.0,
        "g": 0.0,
        "b": 0.0,
        "a": 0.5
    },
    "heightFogHeight": 1.0,
    "postProcessEnabled": true,
    "urpData": {
        "renderPostProcessing": true,
        "dithering": true,
        "antialiasing": 0
    },
    "hdrpData": {
        "renderPostProcessing": true,
        "dithering": true,
        "antialiasing": 0
    },
    "steelList": [],
    "reframeToTarget": true,
    "recalculateBound": true,
    "forceUpdateComponent": true,
    "modelCreateMode": 0,
    "lastTargetPath": "",
    "_lastTarget": {
        "instanceID": 0
    },
    "cubemapPath": "",
    "profilePath": "",
    "renderPipelinePath": "Assets/See1ViewURP.asset"
}